Experiment_name,System,Variable,Value,Time
Water Level Control,WaterTankSystem,CV_PumpCtrl_out,15,0
Water Level Control,WaterTankSystem,CV_PumpCtrl_out,16,0.2
Water Level Control,WaterTankSystem,CV_PumpCtrl_out,15.8541657798207,0.4
Water Level Control,WaterTankSystem,CV_PumpCtrl_out,15.5724507324611,0.6
Water Level Control,WaterTankSystem,CV_PumpCtrl_out,15.2339158111302,0.8
Water Level Control,WaterTankSystem,CV_PumpCtrl_out,14.8484070811372,1
Water Level Control,WaterTankSystem,CV_PumpCtrl_out,14.4210251756324,1.2
Water Level Control,WaterTankSystem,CV_PumpCtrl_out,13.9566855144552,1.4
Water Level Control,WaterTankSystem,CV_PumpCtrl_out,13.4602908019397,1.6
Water Level Control,WaterTankSystem,CV_PumpCtrl_out,12.9366549916627,1.8
Water Level Control,WaterTankSystem,CV_PumpCtrl_out,12.3904464957754,2
Water Level Control,WaterTankSystem,CV_PumpCtrl_out,11.8261518637322,2.2
Water Level Control,WaterTankSystem,CV_PumpCtrl_out,11.2480517495755,2.4
Water Level Control,WaterTankSystem,CV_PumpCtrl_out,10.6602045691391,2.6
Water Level Control,WaterTankSystem,CV_PumpCtrl_out,10.0664353899106,2.8
Water Level Control,WaterTankSystem,CV_PumpCtrl_out,9.47032865089968,3
Water Level Control,WaterTankSystem,CV_PumpCtrl_out,8.87522384959093,3.2
Water Level Control,WaterTankSystem,CV_PumpCtrl_out,8.28421362630385,3.4
Water Level Control,WaterTankSystem,CV_PumpCtrl_out,7.7001438445208,3.6
Water Level Control,WaterTankSystem,CV_PumpCtrl_out,7.12561536699408,3.8
Water Level Control,WaterTankSystem,CV_PumpCtrl_out,6.56298729108987,4
Water Level Control,WaterTankSystem,CV_PumpCtrl_out,6.01438144853815,4.2
Water Level Control,WaterTankSystem,CV_PumpCtrl_out,5.48168800325578,4.4
Water Level Control,WaterTankSystem,CV_PumpCtrl_out,4.96657200123661,4.6
Water Level Control,WaterTankSystem,CV_PumpCtrl_out,4.47048074165943,4.8
Water Level Control,WaterTankSystem,CV_PumpCtrl_out,3.99465185018976,5
Water Level Control,WaterTankSystem,CV_PumpCtrl_out,3.54012194509435,5.2
Water Level Control,WaterTankSystem,CV_PumpCtrl_out,3.10773579497842,5.4
Water Level Control,WaterTankSystem,CV_PumpCtrl_out,2.69815587416735,5.6
Water Level Control,WaterTankSystem,CV_PumpCtrl_out,2.31187222829347,5.8
Water Level Control,WaterTankSystem,CV_PumpCtrl_out,1.94921256871624,6
Water Level Control,WaterTankSystem,CV_PumpCtrl_out,1.6103525201308,6.2
Water Level Control,WaterTankSystem,CV_PumpCtrl_out,1.29532595119102,6.4
Water Level Control,WaterTankSystem,CV_PumpCtrl_out,1.00403532324238,6.6
Water Level Control,WaterTankSystem,CV_PumpCtrl_out,0.736261997360175,6.8
Water Level Control,WaterTankSystem,CV_PumpCtrl_out,0.491676444838569,7
Water Level Control,WaterTankSystem,CV_PumpCtrl_out,0.269848311085505,7.2
Water Level Control,WaterTankSystem,CV_PumpCtrl_out,0.0702562875499799,7.4
Water Level Control,WaterTankSystem,CV_PumpCtrl_out,-0.107702249158507,7.6
Water Level Control,WaterTankSystem,CV_PumpCtrl_out,-0.264701867407529,7.8
Water Level Control,WaterTankSystem,CV_PumpCtrl_out,-0.401480012141467,8
Water Level Control,WaterTankSystem,CV_PumpCtrl_out,-0.518828266057092,8.2
Water Level Control,WaterTankSystem,CV_PumpCtrl_out,-0.617583964535607,8.4
Water Level Control,WaterTankSystem,CV_PumpCtrl_out,-0.698622184742753,8.6
Water Level Control,WaterTankSystem,CV_PumpCtrl_out,-0.762848125708542,8.8
Water Level Control,WaterTankSystem,CV_PumpCtrl_out,-0.811189892771923,9
Water Level Control,WaterTankSystem,CV_PumpCtrl_out,-0.844591696526767,9.2
Water Level Control,WaterTankSystem,CV_PumpCtrl_out,-0.864007473337273,9.4
Water Level Control,WaterTankSystem,CV_PumpCtrl_out,-0.870394931605441,9.6
Water Level Control,WaterTankSystem,CV_PumpCtrl_out,-0.864710025272289,9.8
Water Level Control,WaterTankSystem,CV_PumpCtrl_out,-0.847901853518746,10
Water Level Control,WaterTankSystem,CV_PumpCtrl_out,-0.820907983301915,10.2
Water Level Control,WaterTankSystem,CV_PumpCtrl_out,-0.784650189216948,10.4
Water Level Control,WaterTankSystem,CV_PumpCtrl_out,-0.740030603213103,10.6
Water Level Control,WaterTankSystem,CV_PumpCtrl_out,-0.687928264912728,10.8
Water Level Control,WaterTankSystem,CV_PumpCtrl_out,-0.629196061681633,11
Water Level Control,WaterTankSystem,CV_PumpCtrl_out,-0.564658046175537,11.2
Water Level Control,WaterTankSystem,CV_PumpCtrl_out,-0.495107117836547,11.4
Water Level Control,WaterTankSystem,CV_PumpCtrl_out,-0.421303053731687,11.6
Water Level Control,WaterTankSystem,CV_PumpCtrl_out,-0.343970873207843,11.8
Water Level Control,WaterTankSystem,CV_PumpCtrl_out,-0.263799520078685,12
Water Level Control,WaterTankSystem,CV_PumpCtrl_out,-0.181440845453479,12.2
Water Level Control,WaterTankSystem,CV_PumpCtrl_out,-0.0975088738587075,12.4
Water Level Control,WaterTankSystem,CV_PumpCtrl_out,-0.012579334984138,12.6
Water Level Control,WaterTankSystem,CV_PumpCtrl_out,0.0728105568020129,12.8
Water Level Control,WaterTankSystem,CV_PumpCtrl_out,0.158162093086931,13
Water Level Control,WaterTankSystem,CV_PumpCtrl_out,0.243014850061217,13.2
Water Level Control,WaterTankSystem,CV_PumpCtrl_out,0.326946272886086,13.4
Water Level Control,WaterTankSystem,CV_PumpCtrl_out,0.409571083226881,13.6
Water Level Control,WaterTankSystem,CV_PumpCtrl_out,0.490540527053568,13.8
Water Level Control,WaterTankSystem,CV_PumpCtrl_out,0.569541479383155,14
Water Level Control,WaterTankSystem,CV_PumpCtrl_out,0.646295422143663,14.2
Water Level Control,WaterTankSystem,CV_PumpCtrl_out,0.720557310783458,14.4
Water Level Control,WaterTankSystem,CV_PumpCtrl_out,0.792114344642675,14.6
Water Level Control,WaterTankSystem,CV_PumpCtrl_out,0.860784655453848,14.8
Water Level Control,WaterTankSystem,CV_PumpCtrl_out,0.926415927655144,15
Water Level Control,WaterTankSystem,CV_PumpCtrl_out,0.988883963489644,15.2
Water Level Control,WaterTankSystem,CV_PumpCtrl_out,1.04809120513539,15.4
Water Level Control,WaterTankSystem,CV_PumpCtrl_out,1.10396522537012,15.6
Water Level Control,WaterTankSystem,CV_PumpCtrl_out,1.15645719752818,15.8
Water Level Control,WaterTankSystem,CV_PumpCtrl_out,1.20554035476001,16
Water Level Control,WaterTankSystem,CV_PumpCtrl_out,1.25120844786307,16.2
Water Level Control,WaterTankSystem,CV_PumpCtrl_out,1.29347421021959,16.4
Water Level Control,WaterTankSystem,CV_PumpCtrl_out,1.33236783765716,16.6
Water Level Control,WaterTankSystem,CV_PumpCtrl_out,1.36793549034378,16.8
Water Level Control,WaterTankSystem,CV_PumpCtrl_out,1.40023782314483,17
Water Level Control,WaterTankSystem,CV_PumpCtrl_out,1.42934855020522,17.2
Water Level Control,WaterTankSystem,CV_PumpCtrl_out,1.45535304888014,17.4
Water Level Control,WaterTankSystem,CV_PumpCtrl_out,1.47834700752172,17.6
Water Level Control,WaterTankSystem,CV_PumpCtrl_out,1.4984351210393,17.8
Water Level Control,WaterTankSystem,CV_PumpCtrl_out,1.51572983758792,18
Water Level Control,WaterTankSystem,CV_PumpCtrl_out,1.53035015920403,18.2
Water Level Control,WaterTankSystem,CV_PumpCtrl_out,1.54242049869979,18.4
Water Level Control,WaterTankSystem,CV_PumpCtrl_out,1.55206959464781,18.6
Water Level Control,WaterTankSystem,CV_PumpCtrl_out,1.55942948583688,18.8
Water Level Control,WaterTankSystem,CV_PumpCtrl_out,1.56463454615635,19
Water Level Control,WaterTankSystem,CV_PumpCtrl_out,1.56782058047138,19.2
Water Level Control,WaterTankSystem,CV_PumpCtrl_out,1.56912398168457,19.4
Water Level Control,WaterTankSystem,CV_PumpCtrl_out,1.56868094883896,19.6
Water Level Control,WaterTankSystem,CV_PumpCtrl_out,1.56662676580469,19.8
Water Level Control,WaterTankSystem,CV_PumpCtrl_out,1.56309513980483,20
Water Level Control,WaterTankSystem,CV_PumpCtrl_out,1.55821759877484,20.2
Water Level Control,WaterTankSystem,CV_PumpCtrl_out,1.55212294631425,20.4
Water Level Control,WaterTankSystem,CV_PumpCtrl_out,1.54493677277759,20.6
Water Level Control,WaterTankSystem,CV_PumpCtrl_out,1.5367810208635,20.8
Water Level Control,WaterTankSystem,CV_PumpCtrl_out,1.52777360389566,21
Water Level Control,WaterTankSystem,CV_PumpCtrl_out,1.51802807484567,21.2
Water Level Control,WaterTankSystem,CV_PumpCtrl_out,1.50765334402555,21.4
Water Level Control,WaterTankSystem,CV_PumpCtrl_out,1.49675344327496,21.6
Water Level Control,WaterTankSystem,CV_PumpCtrl_out,1.48542733438483,21.8
Water Level Control,WaterTankSystem,CV_PumpCtrl_out,1.47376875943376,22
Water Level Control,WaterTankSystem,CV_PumpCtrl_out,1.46186613066521,22.2
Water Level Control,WaterTankSystem,CV_PumpCtrl_out,1.44980245750137,22.4
Water Level Control,WaterTankSystem,CV_PumpCtrl_out,1.43765530827259,22.6
Water Level Control,WaterTankSystem,CV_PumpCtrl_out,1.42549680423786,22.8
Water Level Control,WaterTankSystem,CV_PumpCtrl_out,1.41339364348229,23
Water Level Control,WaterTankSystem,CV_PumpCtrl_out,1.40140715229912,23.2
Water Level Control,WaterTankSystem,CV_PumpCtrl_out,1.38959336169722,23.4
Water Level Control,WaterTankSystem,CV_PumpCtrl_out,1.37800310671791,23.6
Water Level Control,WaterTankSystem,CV_PumpCtrl_out,1.36668214629727,23.8
Water Level Control,WaterTankSystem,CV_PumpCtrl_out,1.35567130147057,24
Water Level Control,WaterTankSystem,CV_PumpCtrl_out,1.34500660978289,24.2
Water Level Control,WaterTankSystem,CV_PumpCtrl_out,1.33471949384426,24.4
Water Level Control,WaterTankSystem,CV_PumpCtrl_out,1.32483694204672,24.6
Water Level Control,WaterTankSystem,CV_PumpCtrl_out,1.31538169954535,24.8
Water Level Control,WaterTankSystem,CV_PumpCtrl_out,1.30637246769294,25
Water Level Control,WaterTankSystem,CV_PumpCtrl_out,1.29782411020925,25.2
Water Level Control,WaterTankSystem,CV_PumpCtrl_out,1.2897478644594,25.4
Water Level Control,WaterTankSystem,CV_PumpCtrl_out,1.28215155631123,25.6
Water Level Control,WaterTankSystem,CV_PumpCtrl_out,1.27503981713761,25.8
Water Level Control,WaterTankSystem,CV_PumpCtrl_out,1.26841430162689,26
Water Level Control,WaterTankSystem,CV_PumpCtrl_out,1.26227390516114,26.2
Water Level Control,WaterTankSystem,CV_PumpCtrl_out,1.25661497961815,26.4
Water Level Control,WaterTankSystem,CV_PumpCtrl_out,1.2514315465484,26.6
Water Level Control,WaterTankSystem,CV_PumpCtrl_out,1.24671550677171,26.8
Water Level Control,WaterTankSystem,CV_PumpCtrl_out,1.24245684553004,27
Water Level Control,WaterTankSystem,CV_PumpCtrl_out,1.2386438324226,27.2
Water Level Control,WaterTankSystem,CV_PumpCtrl_out,1.23526321543608,27.4
Water Level Control,WaterTankSystem,CV_PumpCtrl_out,1.23230040846719,27.6
Water Level Control,WaterTankSystem,CV_PumpCtrl_out,1.22973967181565,27.8
Water Level Control,WaterTankSystem,CV_PumpCtrl_out,1.22756428520327,28
Water Level Control,WaterTankSystem,CV_PumpCtrl_out,1.22575671294942,28.2
Water Level Control,WaterTankSystem,CV_PumpCtrl_out,1.22429876100346,28.4
Water Level Control,WaterTankSystem,CV_PumpCtrl_out,1.22317172560172,28.6
Water Level Control,WaterTankSystem,CV_PumpCtrl_out,1.22235653338005,28.8
Water Level Control,WaterTankSystem,CV_PumpCtrl_out,1.22183387283147,29
Water Level Control,WaterTankSystem,CV_PumpCtrl_out,1.22158431705469,29.2
Water Level Control,WaterTankSystem,CV_PumpCtrl_out,1.22158843778989,29.4
Water Level Control,WaterTankSystem,CV_PumpCtrl_out,1.22182691078635,29.6
Water Level Control,WaterTankSystem,CV_PumpCtrl_out,1.22228061258967,29.8
Water Level Control,WaterTankSystem,CV_PumpCtrl_out,1.22293070887675,30
Water Level Control,WaterTankSystem,CV_PumpCtrl_out,1.22375873450227,30.2
Water Level Control,WaterTankSystem,CV_PumpCtrl_out,1.22474666545358,30.4
Water Level Control,WaterTankSystem,CV_PumpCtrl_out,1.22587698293923,30.6
Water Level Control,WaterTankSystem,CV_PumpCtrl_out,1.22713272986253,30.8
Water Level Control,WaterTankSystem,CV_PumpCtrl_out,1.22849755995323,31
Water Level Control,WaterTankSystem,CV_PumpCtrl_out,1.2299557798498,31.2
Water Level Control,WaterTankSystem,CV_PumpCtrl_out,1.23149238444071,31.4
Water Level Control,WaterTankSystem,CV_PumpCtrl_out,1.23309308578617,31.6
Water Level Control,WaterTankSystem,CV_PumpCtrl_out,1.23474433595219,31.8
Water Level Control,WaterTankSystem,CV_PumpCtrl_out,1.23643334409653,32
Water Level Control,WaterTankSystem,CV_PumpCtrl_out,1.23814808815164,32.2
Water Level Control,WaterTankSystem,CV_PumpCtrl_out,1.23987732145247,32.4
Water Level Control,WaterTankSystem,CV_PumpCtrl_out,1.24161057465801,32.6
Water Level Control,WaterTankSystem,CV_PumpCtrl_out,1.24333815331468,32.8
Water Level Control,WaterTankSystem,CV_PumpCtrl_out,1.2450511314063,33
Water Level Control,WaterTankSystem,CV_PumpCtrl_out,1.24674134123138,33.2
Water Level Control,WaterTankSystem,CV_PumpCtrl_out,1.24840135994207,33.4
Water Level Control,WaterTankSystem,CV_PumpCtrl_out,1.25002449307198,33.6
Water Level Control,WaterTankSystem,CV_PumpCtrl_out,1.25160475537137,33.8
Water Level Control,WaterTankSystem,CV_PumpCtrl_out,1.25313684925849,34
Water Level Control,WaterTankSystem,CV_PumpCtrl_out,1.25461614118552,34.2
Water Level Control,WaterTankSystem,CV_PumpCtrl_out,1.25603863620572,34.4
Water Level Control,WaterTankSystem,CV_PumpCtrl_out,1.25740095101675,34.6
Water Level Control,WaterTankSystem,CV_PumpCtrl_out,1.25870028574207,34.8
Water Level Control,WaterTankSystem,CV_PumpCtrl_out,1.25993439469949,35
Water Level Control,WaterTankSystem,CV_PumpCtrl_out,1.26110155639229,35.2
Water Level Control,WaterTankSystem,CV_PumpCtrl_out,1.26220054294473,35.4
Water Level Control,WaterTankSystem,CV_PumpCtrl_out,1.2632305891897,35.6
Water Level Control,WaterTankSystem,CV_PumpCtrl_out,1.26419136160267,35.8
Water Level Control,WaterTankSystem,CV_PumpCtrl_out,1.26508292726168,36
Water Level Control,WaterTankSystem,CV_PumpCtrl_out,1.26590572299974,36.2
Water Level Control,WaterTankSystem,CV_PumpCtrl_out,1.26666052490193,36.4
Water Level Control,WaterTankSystem,CV_PumpCtrl_out,1.26734841828634,36.6
Water Level Control,WaterTankSystem,CV_PumpCtrl_out,1.26797076829446,36.8
Water Level Control,WaterTankSystem,CV_PumpCtrl_out,1.26852919120403,37
Water Level Control,WaterTankSystem,CV_PumpCtrl_out,1.26902552656474,37.2
Water Level Control,WaterTankSystem,CV_PumpCtrl_out,1.26946181024503,37.4
Water Level Control,WaterTankSystem,CV_PumpCtrl_out,1.26984024846663,37.6
Water Level Control,WaterTankSystem,CV_PumpCtrl_out,1.27016319289236,37.8
Water Level Control,WaterTankSystem,CV_PumpCtrl_out,1.27043311682185,38
Water Level Control,WaterTankSystem,CV_PumpCtrl_out,1.27065259253987,38.2
Water Level Control,WaterTankSystem,CV_PumpCtrl_out,1.2708242698522,38.4
Water Level Control,WaterTankSystem,CV_PumpCtrl_out,1.27095085583497,38.6
Water Level Control,WaterTankSystem,CV_PumpCtrl_out,1.27103509581461,38.8
Water Level Control,WaterTankSystem,CV_PumpCtrl_out,1.27107975558808,39
Water Level Control,WaterTankSystem,CV_PumpCtrl_out,1.27108760488497,39.2
Water Level Control,WaterTankSystem,CV_PumpCtrl_out,1.27106140206678,39.4
Water Level Control,WaterTankSystem,CV_PumpCtrl_out,1.27100388005195,39.6
Water Level Control,WaterTankSystem,CV_PumpCtrl_out,1.27091773344969,39.8
Water Level Control,WaterTankSystem,CV_PumpCtrl_out,1.2708056068802,40
Water Level Control,WaterTankSystem,CV_PumpCtrl_out,1.27067008445441,40.2
Water Level Control,WaterTankSystem,CV_PumpCtrl_out,1.27051368038187,40.4
Water Level Control,WaterTankSystem,CV_PumpCtrl_out,1.27033883067184,40.6
Water Level Control,WaterTankSystem,CV_PumpCtrl_out,1.27014788588938,40.8
Water Level Control,WaterTankSystem,CV_PumpCtrl_out,1.26994310492539,41
Water Level Control,WaterTankSystem,CV_PumpCtrl_out,1.26972664973709,41.2
Water Level Control,WaterTankSystem,CV_PumpCtrl_out,1.26950058101386,41.4
Water Level Control,WaterTankSystem,CV_PumpCtrl_out,1.26926685472111,41.6
Water Level Control,WaterTankSystem,CV_PumpCtrl_out,1.26902731947448,41.8
Water Level Control,WaterTankSystem,CV_PumpCtrl_out,1.26878371469514,42
Water Level Control,WaterTankSystem,CV_PumpCtrl_out,1.26853766949692,42.2
Water Level Control,WaterTankSystem,CV_PumpCtrl_out,1.2682907022555,42.4
Water Level Control,WaterTankSystem,CV_PumpCtrl_out,1.26804422081023,42.6
Water Level Control,WaterTankSystem,CV_PumpCtrl_out,1.26779952324916,42.8
Water Level Control,WaterTankSystem,CV_PumpCtrl_out,1.26755779922892,43
Water Level Control,WaterTankSystem,CV_PumpCtrl_out,1.26732013178133,43.2
Water Level Control,WaterTankSystem,CV_PumpCtrl_out,1.26708749956015,43.4
Water Level Control,WaterTankSystem,CV_PumpCtrl_out,1.26686077948221,43.6
Water Level Control,WaterTankSystem,CV_PumpCtrl_out,1.26664074971853,43.8
Water Level Control,WaterTankSystem,CV_PumpCtrl_out,1.26642809299285,44
Water Level Control,WaterTankSystem,CV_PumpCtrl_out,1.26622340014603,44.2
Water Level Control,WaterTankSystem,CV_PumpCtrl_out,1.26602717392696,44.4
Water Level Control,WaterTankSystem,CV_PumpCtrl_out,1.26583983297219,44.6
Water Level Control,WaterTankSystem,CV_PumpCtrl_out,1.26566171593832,44.8
Water Level Control,WaterTankSystem,CV_PumpCtrl_out,1.2654930857532,45
Water Level Control,WaterTankSystem,CV_PumpCtrl_out,1.26533413395381,45.2
Water Level Control,WaterTankSystem,CV_PumpCtrl_out,1.26518498508081,45.4
Water Level Control,WaterTankSystem,CV_PumpCtrl_out,1.26504570110155,45.6
Water Level Control,WaterTankSystem,CV_PumpCtrl_out,1.26491628583553,45.8
Water Level Control,WaterTankSystem,CV_PumpCtrl_out,1.26479668935807,46
Water Level Control,WaterTankSystem,CV_PumpCtrl_out,1.26468681236001,46.2
Water Level Control,WaterTankSystem,CV_PumpCtrl_out,1.26458651044316,46.4
Water Level Control,WaterTankSystem,CV_PumpCtrl_out,1.26449559833323,46.6
Water Level Control,WaterTankSystem,CV_PumpCtrl_out,1.26441385399351,46.8
Water Level Control,WaterTankSystem,CV_PumpCtrl_out,1.26434102262477,47
Water Level Control,WaterTankSystem,CV_PumpCtrl_out,1.26427682053815,47.2
Water Level Control,WaterTankSystem,CV_PumpCtrl_out,1.26422093889001,47.4
Water Level Control,WaterTankSystem,CV_PumpCtrl_out,1.26417304726871,47.6
Water Level Control,WaterTankSystem,CV_PumpCtrl_out,1.2641327971254,47.8
Water Level Control,WaterTankSystem,CV_PumpCtrl_out,1.26409982504195,48
Water Level Control,WaterTankSystem,CV_PumpCtrl_out,1.26407375583078,48.2
Water Level Control,WaterTankSystem,CV_PumpCtrl_out,1.26405420546262,48.4
Water Level Control,WaterTankSystem,CV_PumpCtrl_out,1.26404078381934,48.6
Water Level Control,WaterTankSystem,CV_PumpCtrl_out,1.26403309727031,48.8
Water Level Control,WaterTankSystem,CV_PumpCtrl_out,1.2640307510718,49
Water Level Control,WaterTankSystem,CV_PumpCtrl_out,1.26403335158976,49.2
Water Level Control,WaterTankSystem,CV_PumpCtrl_out,1.26404050834755,49.4
Water Level Control,WaterTankSystem,CV_PumpCtrl_out,1.26405183590069,49.6
Water Level Control,WaterTankSystem,CV_PumpCtrl_out,1.26406695554175,49.8
Water Level Control,WaterTankSystem,CV_PumpCtrl_out,1.26408549683898,50
Water Level Control,WaterTankSystem,CV_PumpCtrl_out,1.26410709901308,50.2
Water Level Control,WaterTankSystem,CV_PumpCtrl_out,1.26413141215693,50.4
Water Level Control,WaterTankSystem,CV_PumpCtrl_out,1.26415809830358,50.6
Water Level Control,WaterTankSystem,CV_PumpCtrl_out,1.26418683234837,50.8
Water Level Control,WaterTankSystem,CV_PumpCtrl_out,1.26421730283113,51
Water Level Control,WaterTankSystem,CV_PumpCtrl_out,1.26424921258505,51.2
Water Level Control,WaterTankSystem,CV_PumpCtrl_out,1.26428227925871,51.4
Water Level Control,WaterTankSystem,CV_PumpCtrl_out,1.26431623571809,51.6
Water Level Control,WaterTankSystem,CV_PumpCtrl_out,1.26435083033571,51.8
Water Level Control,WaterTankSystem,CV_PumpCtrl_out,1.26438582717362,52
Water Level Control,WaterTankSystem,CV_PumpCtrl_out,1.26442100606756,52.2
Water Level Control,WaterTankSystem,CV_PumpCtrl_out,1.2644561626193,52.4
Water Level Control,WaterTankSystem,CV_PumpCtrl_out,1.26449110810412,52.6
Water Level Control,WaterTankSystem,CV_PumpCtrl_out,1.26452566930044,52.8
Water Level Control,WaterTankSystem,CV_PumpCtrl_out,1.26455968824847,53
Water Level Control,WaterTankSystem,CV_PumpCtrl_out,1.26459302194451,53.2
Water Level Control,WaterTankSystem,CV_PumpCtrl_out,1.26462554197757,53.4
Water Level Control,WaterTankSystem,CV_PumpCtrl_out,1.26465713411452,53.6
Water Level Control,WaterTankSystem,CV_PumpCtrl_out,1.26468769784008,53.8
Water Level Control,WaterTankSystem,CV_PumpCtrl_out,1.26471714585744,54
Water Level Control,WaterTankSystem,CV_PumpCtrl_out,1.26474540355535,54.2
Water Level Control,WaterTankSystem,CV_PumpCtrl_out,1.26477240844704,54.4
Water Level Control,WaterTankSystem,CV_PumpCtrl_out,1.26479810958604,54.6
Water Level Control,WaterTankSystem,CV_PumpCtrl_out,1.26482246696415,54.8
Water Level Control,WaterTankSystem,CV_PumpCtrl_out,1.2648454508958,55
Water Level Control,WaterTankSystem,CV_PumpCtrl_out,1.26486704139339,55.2
Water Level Control,WaterTankSystem,CV_PumpCtrl_out,1.26488722753767,55.4
Water Level Control,WaterTankSystem,CV_PumpCtrl_out,1.26490600684689,55.6
Water Level Control,WaterTankSystem,CV_PumpCtrl_out,1.2649233846482,55.8
Water Level Control,WaterTankSystem,CV_PumpCtrl_out,1.26493937345465,56
Water Level Control,WaterTankSystem,CV_PumpCtrl_out,1.26495399235063,56.2
Water Level Control,WaterTankSystem,CV_PumpCtrl_out,1.26496726638851,56.4
Water Level Control,WaterTankSystem,CV_PumpCtrl_out,1.26497922599884,56.6
Water Level Control,WaterTankSystem,CV_PumpCtrl_out,1.26498990641628,56.8
Water Level Control,WaterTankSystem,CV_PumpCtrl_out,1.26499934712325,57
Water Level Control,WaterTankSystem,CV_PumpCtrl_out,1.26500759131283,57.2
Water Level Control,WaterTankSystem,CV_PumpCtrl_out,1.26501468537248,57.4
Water Level Control,WaterTankSystem,CV_PumpCtrl_out,1.26502067838975,57.6
Water Level Control,WaterTankSystem,CV_PumpCtrl_out,1.26502562168091,57.8
Water Level Control,WaterTankSystem,CV_PumpCtrl_out,1.26502956834343,58
Water Level Control,WaterTankSystem,CV_PumpCtrl_out,1.26503257283287,58.2
Water Level Control,WaterTankSystem,CV_PumpCtrl_out,1.26503469056456,58.4
Water Level Control,WaterTankSystem,CV_PumpCtrl_out,1.26503597754042,58.6
Water Level Control,WaterTankSystem,CV_PumpCtrl_out,1.26503649000102,58.8
Water Level Control,WaterTankSystem,CV_PumpCtrl_out,1.26503628410277,59
Water Level Control,WaterTankSystem,CV_PumpCtrl_out,1.26503541562016,59.2
Water Level Control,WaterTankSystem,CV_PumpCtrl_out,1.26503393967271,59.4
Water Level Control,WaterTankSystem,CV_PumpCtrl_out,1.26503191047629,59.6
Water Level Control,WaterTankSystem,CV_PumpCtrl_out,1.26502938111817,59.8
Water Level Control,WaterTankSystem,CV_PumpCtrl_out,1.26502640335538,60
Water Level Control,WaterTankSystem,PV_WaterLevel_out,0,0
Water Level Control,WaterTankSystem,PV_WaterLevel_out,0,0.2
Water Level Control,WaterTankSystem,PV_WaterLevel_out,0.763889480119506,0.4
Water Level Control,WaterTankSystem,PV_WaterLevel_out,1.56744021301797,0.6
Water Level Control,WaterTankSystem,PV_WaterLevel_out,2.3553008130374,0.8
Water Level Control,WaterTankSystem,PV_WaterLevel_out,3.12195324549689,1
Water Level Control,WaterTankSystem,PV_WaterLevel_out,3.86541096613363,1.2
Water Level Control,WaterTankSystem,PV_WaterLevel_out,4.58394334250949,1.4
Water Level Control,WaterTankSystem,PV_WaterLevel_out,5.2759435946859,1.6
Water Level Control,WaterTankSystem,PV_WaterLevel_out,5.93997122855813,1.8
Water Level Control,WaterTankSystem,PV_WaterLevel_out,6.57477881057911,2
Water Level Control,WaterTankSystem,PV_WaterLevel_out,7.17932331123601,2.2
Water Level Control,WaterTankSystem,PV_WaterLevel_out,7.75276849992475,2.4
Water Level Control,WaterTankSystem,PV_WaterLevel_out,8.29448205355403,2.6
Water Level Control,WaterTankSystem,PV_WaterLevel_out,8.80402936946941,2.8
Water Level Control,WaterTankSystem,PV_WaterLevel_out,9.28116523751206,3
Water Level Control,WaterTankSystem,PV_WaterLevel_out,9.72582408921709,3.2
Water Level Control,WaterTankSystem,PV_WaterLevel_out,10.138109298794,3.4
Water Level Control,WaterTankSystem,PV_WaterLevel_out,10.5182818667298,3.6
Water Level Control,WaterTankSystem,PV_WaterLevel_out,10.8667487272989,3.8
Water Level Control,WaterTankSystem,PV_WaterLevel_out,11.1840508627485,4
Water Level Control,WaterTankSystem,PV_WaterLevel_out,11.4708513669331,4.2
Water Level Control,WaterTankSystem,PV_WaterLevel_out,11.7279235726591,4.4
Water Level Control,WaterTankSystem,PV_WaterLevel_out,11.9561393358279,4.6
Water Level Control,WaterTankSystem,PV_WaterLevel_out,12.1564575531575,4.8
Water Level Control,WaterTankSystem,PV_WaterLevel_out,12.3299129772601,5
Water Level Control,WaterTankSystem,PV_WaterLevel_out,12.4776053821731,5.2
Water Level Control,WaterTankSystem,PV_WaterLevel_out,12.6006891234388,5.4
Water Level Control,WaterTankSystem,PV_WaterLevel_out,12.7003631290836,5.6
Water Level Control,WaterTankSystem,PV_WaterLevel_out,12.7778613510606,5.8
Water Level Control,WaterTankSystem,PV_WaterLevel_out,12.8344437007081,6
Water Level Control,WaterTankSystem,PV_WaterLevel_out,12.8713874863845,6.2
Water Level Control,WaterTankSystem,PV_WaterLevel_out,12.8899793665854,6.4
Water Level Control,WaterTankSystem,PV_WaterLevel_out,12.8915078274454,6.6
Water Level Control,WaterTankSystem,PV_WaterLevel_out,12.8772561895372,6.8
Water Level Control,WaterTankSystem,PV_WaterLevel_out,12.8484961452491,7
Water Level Control,WaterTankSystem,PV_WaterLevel_out,12.8064818247346,7.2
Water Level Control,WaterTankSystem,PV_WaterLevel_out,12.7524443854426,7.4
Water Level Control,WaterTankSystem,PV_WaterLevel_out,12.6875871175521,7.6
Water Level Control,WaterTankSystem,PV_WaterLevel_out,12.6130810552146,7.8
Water Level Control,WaterTankSystem,PV_WaterLevel_out,12.5300610813563,8
Water Level Control,WaterTankSystem,PV_WaterLevel_out,12.4396225118763,8.2
Water Level Control,WaterTankSystem,PV_WaterLevel_out,12.3428181434035,8.4
Water Level Control,WaterTankSystem,PV_WaterLevel_out,12.2406557473147,8.6
Water Level Control,WaterTankSystem,PV_WaterLevel_out,12.134095991471,8.8
Water Level Control,WaterTankSystem,PV_WaterLevel_out,12.0240507700818,9
Water Level Control,WaterTankSystem,PV_WaterLevel_out,11.9113819212463,9.2
Water Level Control,WaterTankSystem,PV_WaterLevel_out,11.7969003110368,9.4
Water Level Control,WaterTankSystem,PV_WaterLevel_out,11.6813652624798,9.6
Water Level Control,WaterTankSystem,PV_WaterLevel_out,11.5654843074257,9.8
Water Level Control,WaterTankSystem,PV_WaterLevel_out,11.449913239095,10
Water Level Control,WaterTankSystem,PV_WaterLevel_out,11.3352564430108,10.2
Water Level Control,WaterTankSystem,PV_WaterLevel_out,11.2220674840867,10.4
Water Level Control,WaterTankSystem,PV_WaterLevel_out,11.1108499278117,10.6
Water Level Control,WaterTankSystem,PV_WaterLevel_out,11.0020583737574,10.8
Water Level Control,WaterTankSystem,PV_WaterLevel_out,10.8960996800195,11
Water Level Control,WaterTankSystem,PV_WaterLevel_out,10.7933343576808,11.2
Water Level Control,WaterTankSystem,PV_WaterLevel_out,10.6940781149427,11.4
Water Level Control,WaterTankSystem,PV_WaterLevel_out,10.59860353121,11.6
Water Level Control,WaterTankSystem,PV_WaterLevel_out,10.5071418421134,11.8
Water Level Control,WaterTankSystem,PV_WaterLevel_out,10.4198848172198,12
Water Level Control,WaterTankSystem,PV_WaterLevel_out,10.3369867129883,12.2
Water Level Control,WaterTankSystem,PV_WaterLevel_out,10.2585662843926,12.4
Water Level Control,WaterTankSystem,PV_WaterLevel_out,10.1847088395167,12.6
Water Level Control,WaterTankSystem,PV_WaterLevel_out,10.1154683223581,12.8
Water Level Control,WaterTankSystem,PV_WaterLevel_out,10.050869410011,13
Water Level Control,WaterTankSystem,PV_WaterLevel_out,9.99090961136072,13.2
Water Level Control,WaterTankSystem,PV_WaterLevel_out,9.93556135538676,13.4
Water Level Control,WaterTankSystem,PV_WaterLevel_out,9.88477405813378,13.6
Water Level Control,WaterTankSystem,PV_WaterLevel_out,9.83847615837374,13.8
Water Level Control,WaterTankSystem,PV_WaterLevel_out,9.7965771129291,14
Water Level Control,WaterTankSystem,PV_WaterLevel_out,9.75896934356015,14.2
Water Level Control,WaterTankSystem,PV_WaterLevel_out,9.72553012822961,14.4
Water Level Control,WaterTankSystem,PV_WaterLevel_out,9.69612343044149,14.6
Water Level Control,WaterTankSystem,PV_WaterLevel_out,9.67060166120461,14.8
Water Level Control,WaterTankSystem,PV_WaterLevel_out,9.64880736899011,15
Water Level Control,WaterTankSystem,PV_WaterLevel_out,9.63057485383443,15.2
Water Level Control,WaterTankSystem,PV_WaterLevel_out,9.61573170248164,15.4
Water Level Control,WaterTankSystem,PV_WaterLevel_out,9.60410024215971,15.6
Water Level Control,WaterTankSystem,PV_WaterLevel_out,9.59549891124369,15.8
Water Level Control,WaterTankSystem,PV_WaterLevel_out,9.58974354567289,16
Water Level Control,WaterTankSystem,PV_WaterLevel_out,9.58664858055933,16.2
Water Level Control,WaterTankSystem,PV_WaterLevel_out,9.58602816695102,16.4
Water Level Control,WaterTankSystem,PV_WaterLevel_out,9.58769720419591,16.6
Water Level Control,WaterTankSystem,PV_WaterLevel_out,9.59147228879177,16.8
Water Level Control,WaterTankSystem,PV_WaterLevel_out,9.59717258100495,17
Water Level Control,WaterTankSystem,PV_WaterLevel_out,9.60462059089769,17.2
Water Level Control,WaterTankSystem,PV_WaterLevel_out,9.61364288572123,17.4
Water Level Control,WaterTankSystem,PV_WaterLevel_out,9.6240707209121,17.6
Water Level Control,WaterTankSystem,PV_WaterLevel_out,9.63574059717291,17.8
Water Level Control,WaterTankSystem,PV_WaterLevel_out,9.64849474632897,18
Water Level Control,WaterTankSystem,PV_WaterLevel_out,9.66218154882963,18.2
Water Level Control,WaterTankSystem,PV_WaterLevel_out,9.67665588591048,18.4
Water Level Control,WaterTankSystem,PV_WaterLevel_out,9.6917794295511,18.6
Water Level Control,WaterTankSystem,PV_WaterLevel_out,9.70742087345498,18.8
Water Level Control,WaterTankSystem,PV_WaterLevel_out,9.723456108345,19
Water Level Control,WaterTankSystem,PV_WaterLevel_out,9.73976834491198,19.2
Water Level Control,WaterTankSystem,PV_WaterLevel_out,9.75624818777572,19.4
Water Level Control,WaterTankSystem,PV_WaterLevel_out,9.77279366382108,19.6
Water Level Control,WaterTankSystem,PV_WaterLevel_out,9.78931020825586,19.8
Water Level Control,WaterTankSystem,PV_WaterLevel_out,9.80571061170537,20
Water Level Control,WaterTankSystem,PV_WaterLevel_out,9.82191493161167,20.2
Water Level Control,WaterTankSystem,PV_WaterLevel_out,9.83785037114462,20.4
Water Level Control,WaterTankSystem,PV_WaterLevel_out,9.85345112875942,20.6
Water Level Control,WaterTankSystem,PV_WaterLevel_out,9.86865822145152,20.8
Water Level Control,WaterTankSystem,PV_WaterLevel_out,9.88341928466664,21
Water Level Control,WaterTankSystem,PV_WaterLevel_out,9.8976883517222,21.2
Water Level Control,WaterTankSystem,PV_WaterLevel_out,9.91142561548746,21.4
Water Level Control,WaterTankSystem,PV_WaterLevel_out,9.92459717495536,21.6
Water Level Control,WaterTankSystem,PV_WaterLevel_out,9.93717476921842,21.8
Water Level Control,WaterTankSystem,PV_WaterLevel_out,9.9491355012379,22
Water Level Control,WaterTankSystem,PV_WaterLevel_out,9.96046155366775,22.2
Water Level Control,WaterTankSystem,PV_WaterLevel_out,9.97113989886579,22.4
Water Level Control,WaterTankSystem,PV_WaterLevel_out,9.98116200509392,22.6
Water Level Control,WaterTankSystem,PV_WaterLevel_out,9.99052354077748,22.8
Water Level Control,WaterTankSystem,PV_WaterLevel_out,9.9992240785627,23
Water Level Control,WaterTankSystem,PV_WaterLevel_out,10.0072668007806,23.2
Water Level Control,WaterTankSystem,PV_WaterLevel_out,10.0146582077965,23.4
Water Level Control,WaterTankSystem,PV_WaterLevel_out,10.0214078305963,23.6
Water Level Control,WaterTankSystem,PV_WaterLevel_out,10.027527948837,23.8
Water Level Control,WaterTankSystem,PV_WaterLevel_out,10.0330333154656,24
Water Level Control,WaterTankSystem,PV_WaterLevel_out,10.037940888893,24.2
Water Level Control,WaterTankSystem,PV_WaterLevel_out,10.0422695735926,24.4
Water Level Control,WaterTankSystem,PV_WaterLevel_out,10.0460399698848,24.6
Water Level Control,WaterTankSystem,PV_WaterLevel_out,10.04927413356,24.8
Water Level Control,WaterTankSystem,PV_WaterLevel_out,10.051995345891,25
Water Level Control,WaterTankSystem,PV_WaterLevel_out,10.0542278944874,25.2
Water Level Control,WaterTankSystem,PV_WaterLevel_out,10.0559968653548,25.4
Water Level Control,WaterTankSystem,PV_WaterLevel_out,10.0573279464299,25.6
Water Level Control,WaterTankSystem,PV_WaterLevel_out,10.0582472427837,25.8
Water Level Control,WaterTankSystem,PV_WaterLevel_out,10.0587811036052,26
Water Level Control,WaterTankSystem,PV_WaterLevel_out,10.0589559610087,26.2
Water Level Control,WaterTankSystem,PV_WaterLevel_out,10.0587981806368,26.4
Water Level Control,WaterTankSystem,PV_WaterLevel_out,10.0583339239742,26.6
Water Level Control,WaterTankSystem,PV_WaterLevel_out,10.057589022227,26.8
Water Level Control,WaterTankSystem,PV_WaterLevel_out,10.056588861573,27
Water Level Control,WaterTankSystem,PV_WaterLevel_out,10.0553582795398,27.2
Water Level Control,WaterTankSystem,PV_WaterLevel_out,10.0539214722281,27.4
Water Level Control,WaterTankSystem,PV_WaterLevel_out,10.0523019120588,27.6
Water Level Control,WaterTankSystem,PV_WaterLevel_out,10.0505222756893,27.8
Water Level Control,WaterTankSystem,PV_WaterLevel_out,10.0486043817183,28
Water Level Control,WaterTankSystem,PV_WaterLevel_out,10.0465691377729,28.2
Water Level Control,WaterTankSystem,PV_WaterLevel_out,10.044436496552,28.4
Water Level Control,WaterTankSystem,PV_WaterLevel_out,10.0422254203831,28.6
Water Level Control,WaterTankSystem,PV_WaterLevel_out,10.0399538538386,28.8
Water Level Control,WaterTankSystem,PV_WaterLevel_out,10.0376387039485,29
Water Level Control,WaterTankSystem,PV_WaterLevel_out,10.0352958275364,29.2
Water Level Control,WaterTankSystem,PV_WaterLevel_out,10.0329400252105,29.4
Water Level Control,WaterTankSystem,PV_WaterLevel_out,10.0305850415322,29.6
Water Level Control,WaterTankSystem,PV_WaterLevel_out,10.0282435708945,29.8
Water Level Control,WaterTankSystem,PV_WaterLevel_out,10.0259272686435,30
Water Level Control,WaterTankSystem,PV_WaterLevel_out,10.0236467669836,30.2
Water Level Control,WaterTankSystem,PV_WaterLevel_out,10.0214116952171,30.4
Water Level Control,WaterTankSystem,PV_WaterLevel_out,10.0192307038789,30.6
Water Level Control,WaterTankSystem,PV_WaterLevel_out,10.0171114923381,30.8
Water Level Control,WaterTankSystem,PV_WaterLevel_out,10.0150608394551,31
Water Level Control,WaterTankSystem,PV_WaterLevel_out,10.0130846368937,31.2
Water Level Control,WaterTankSystem,PV_WaterLevel_out,10.0111879247068,31.4
Water Level Control,WaterTankSystem,PV_WaterLevel_out,10.0093749288294,31.6
Water Level Control,WaterTankSystem,PV_WaterLevel_out,10.0076491001301,31.8
Water Level Control,WaterTankSystem,PV_WaterLevel_out,10.0060131546919,32
Water Level Control,WaterTankSystem,PV_WaterLevel_out,10.004469115009,32.2
Water Level Control,WaterTankSystem,PV_WaterLevel_out,10.0030183518078,32.4
Water Level Control,WaterTankSystem,PV_WaterLevel_out,10.001661626217,32.6
Water Level Control,WaterTankSystem,PV_WaterLevel_out,10.0003991320314,32.8
Water Level Control,WaterTankSystem,PV_WaterLevel_out,9.99923053783488,33
Water Level Control,WaterTankSystem,PV_WaterLevel_out,9.9981550287625,33.2
Water Level Control,WaterTankSystem,PV_WaterLevel_out,9.99717134770454,33.4
Water Level Control,WaterTankSystem,PV_WaterLevel_out,9.99627783577096,33.6
Water Level Control,WaterTankSystem,PV_WaterLevel_out,9.99547247185331,33.8
Water Level Control,WaterTankSystem,PV_WaterLevel_out,9.99475291113834,34
Water Level Control,WaterTankSystem,PV_WaterLevel_out,9.99411652244443,34.2
Water Level Control,WaterTankSystem,PV_WaterLevel_out,9.993560424268,34.4
Water Level Control,WaterTankSystem,PV_WaterLevel_out,9.99308151944278,34.6
Water Level Control,WaterTankSystem,PV_WaterLevel_out,9.99267652832972,34.8
Water Level Control,WaterTankSystem,PV_WaterLevel_out,9.99234202046946,35
Water Level Control,WaterTankSystem,PV_WaterLevel_out,9.99207444464296,35.2
Water Level Control,WaterTankSystem,PV_WaterLevel_out,9.99187015729847,35.4
Water Level Control,WaterTankSystem,PV_WaterLevel_out,9.99172544931525,35.6
Water Level Control,WaterTankSystem,PV_WaterLevel_out,9.99163657108559,35.8
Water Level Control,WaterTankSystem,PV_WaterLevel_out,9.99159975590721,36
Water Level Control,WaterTankSystem,PV_WaterLevel_out,9.99161124168803,36.2
Water Level Control,WaterTankSystem,PV_WaterLevel_out,9.99166729097403,36.4
Water Level Control,WaterTankSystem,PV_WaterLevel_out,9.99176420931949,36.6
Water Level Control,WaterTankSystem,PV_WaterLevel_out,9.99189836202611,36.8
Water Level Control,WaterTankSystem,PV_WaterLevel_out,9.99206618928466,37
Water Level Control,WaterTankSystem,PV_WaterLevel_out,9.99226421975854,37.2
Water Level Control,WaterTankSystem,PV_WaterLevel_out,9.99248908265445,37.4
Water Level Control,WaterTankSystem,PV_WaterLevel_out,9.99273751832975,37.6
Water Level Control,WaterTankSystem,PV_WaterLevel_out,9.99300638749061,37.8
Water Level Control,WaterTankSystem,PV_WaterLevel_out,9.99329267903824,38
Water Level Control,WaterTankSystem,PV_WaterLevel_out,9.99359351662368,38.2
Water Level Control,WaterTankSystem,PV_WaterLevel_out,9.99390616397388,38.4
Water Level Control,WaterTankSystem,PV_WaterLevel_out,9.99422802905378,38.6
Water Level Control,WaterTankSystem,PV_WaterLevel_out,9.99455666713043,38.8
Water Level Control,WaterTankSystem,PV_WaterLevel_out,9.99488978280609,39
Water Level Control,WaterTankSystem,PV_WaterLevel_out,9.99522523108776,39.2
Water Level Control,WaterTankSystem,PV_WaterLevel_out,9.9955610175607,39.4
Water Level Control,WaterTankSystem,PV_WaterLevel_out,9.9958952977332,39.6
Water Level Control,WaterTankSystem,PV_WaterLevel_out,9.99622637561917,39.8
Water Level Control,WaterTankSystem,PV_WaterLevel_out,9.99655270162422,40
Water Level Control,WaterTankSystem,PV_WaterLevel_out,9.9968728697998,40.2
Water Level Control,WaterTankSystem,PV_WaterLevel_out,9.99718561452817,40.4
Water Level Control,WaterTankSystem,PV_WaterLevel_out,9.99748980669964,40.6
Water Level Control,WaterTankSystem,PV_WaterLevel_out,9.9977844494413,40.8
Water Level Control,WaterTankSystem,PV_WaterLevel_out,9.99806867345455,41
Water Level Control,WaterTankSystem,PV_WaterLevel_out,9.99834173201644,41.2
Water Level Control,WaterTankSystem,PV_WaterLevel_out,9.9986029956975,41.4
Water Level Control,WaterTankSystem,PV_WaterLevel_out,9.99885194684617,41.6
Water Level Control,WaterTankSystem,PV_WaterLevel_out,9.99908817388751,41.8
Water Level Control,WaterTankSystem,PV_WaterLevel_out,9.99931136548124,42
Water Level Control,WaterTankSystem,PV_WaterLevel_out,9.9995213045813,42.2
Water Level Control,WaterTankSystem,PV_WaterLevel_out,9.99971786243682,42.4
Water Level Control,WaterTankSystem,PV_WaterLevel_out,9.99990099257122,42.6
Water Level Control,WaterTankSystem,PV_WaterLevel_out,10.0000707247738,42.8
Water Level Control,WaterTankSystem,PV_WaterLevel_out,10.0002271591358,43
Water Level Control,WaterTankSystem,PV_WaterLevel_out,10.0003704601584,43.2
Water Level Control,WaterTankSystem,PV_WaterLevel_out,10.000500850962,43.4
Water Level Control,WaterTankSystem,PV_WaterLevel_out,10.0006186076165,43.6
Water Level Control,WaterTankSystem,PV_WaterLevel_out,10.0007240536178,43.8
Water Level Control,WaterTankSystem,PV_WaterLevel_out,10.0008175545271,44
Water Level Control,WaterTankSystem,PV_WaterLevel_out,10.0008995127898,44.2
Water Level Control,WaterTankSystem,PV_WaterLevel_out,10.0009703627499,44.4
Water Level Control,WaterTankSystem,PV_WaterLevel_out,10.0010305658698,44.6
Water Level Control,WaterTankSystem,PV_WaterLevel_out,10.0010806061677,44.8
Water Level Control,WaterTankSystem,PV_WaterLevel_out,10.0011209858799,45
Water Level Control,WaterTankSystem,PV_WaterLevel_out,10.0011522213542,45.2
Water Level Control,WaterTankSystem,PV_WaterLevel_out,10.0011748391792,45.4
Water Level Control,WaterTankSystem,PV_WaterLevel_out,10.0011893725535,45.6
Water Level Control,WaterTankSystem,PV_WaterLevel_out,10.0011963578939,45.8
Water Level Control,WaterTankSystem,PV_WaterLevel_out,10.001196331686,46
Water Level Control,WaterTankSystem,PV_WaterLevel_out,10.0011898275723,46.2
Water Level Control,WaterTankSystem,PV_WaterLevel_out,10.0011773736787,46.4
Water Level Control,WaterTankSystem,PV_WaterLevel_out,10.0011594901734,46.6
Water Level Control,WaterTankSystem,PV_WaterLevel_out,10.001136687055,46.8
Water Level Control,WaterTankSystem,PV_WaterLevel_out,10.0011094621638,47
Water Level Control,WaterTankSystem,PV_WaterLevel_out,10.0010782994106,47.2
Water Level Control,WaterTankSystem,PV_WaterLevel_out,10.0010436672153,47.4
Water Level Control,WaterTankSystem,PV_WaterLevel_out,10.0010060171485,47.6
Water Level Control,WaterTankSystem,PV_WaterLevel_out,10.0009657827675,47.8
Water Level Control,WaterTankSystem,PV_WaterLevel_out,10.0009233786386,48
Water Level Control,WaterTankSystem,PV_WaterLevel_out,10.0008791995368,48.2
Water Level Control,WaterTankSystem,PV_WaterLevel_out,10.0008336198132,48.4
Water Level Control,WaterTankSystem,PV_WaterLevel_out,10.0007869929211,48.6
Water Level Control,WaterTankSystem,PV_WaterLevel_out,10.0007396510924,48.8
Water Level Control,WaterTankSystem,PV_WaterLevel_out,10.0006919051519,49
Water Level Control,WaterTankSystem,PV_WaterLevel_out,10.0006440444632,49.2
Water Level Control,WaterTankSystem,PV_WaterLevel_out,10.0005963369938,49.4
Water Level Control,WaterTankSystem,PV_WaterLevel_out,10.0005490294921,49.6
Water Level Control,WaterTankSystem,PV_WaterLevel_out,10.0005023477652,49.8
Water Level Control,WaterTankSystem,PV_WaterLevel_out,10.0004564970494,50
Water Level Control,WaterTankSystem,PV_WaterLevel_out,10.0004116624634,50.2
Water Level Control,WaterTankSystem,PV_WaterLevel_out,10.0003680095366,50.4
Water Level Control,WaterTankSystem,PV_WaterLevel_out,10.000325684803,50.6
Water Level Control,WaterTankSystem,PV_WaterLevel_out,10.000284816453,50.8
Water Level Control,WaterTankSystem,PV_WaterLevel_out,10.0002455150343,51
Water Level Control,WaterTankSystem,PV_WaterLevel_out,10.000207874196,51.2
Water Level Control,WaterTankSystem,PV_WaterLevel_out,10.0001719714672,51.4
Water Level Control,WaterTankSystem,PV_WaterLevel_out,10.0001378690631,51.6
Water Level Control,WaterTankSystem,PV_WaterLevel_out,10.0001056147138,51.8
Water Level Control,WaterTankSystem,PV_WaterLevel_out,10.0000752425076,52
Water Level Control,WaterTankSystem,PV_WaterLevel_out,10.0000467737445,52.2
Water Level Control,WaterTankSystem,PV_WaterLevel_out,10.0000202177937,52.4
Water Level Control,WaterTankSystem,PV_WaterLevel_out,9.99999557295092,52.6
Water Level Control,WaterTankSystem,PV_WaterLevel_out,9.99997282728998,52.8
Water Level Control,WaterTankSystem,PV_WaterLevel_out,9.99995195950529,53
Water Level Control,WaterTankSystem,PV_WaterLevel_out,9.99993293974091,53.2
Water Level Control,WaterTankSystem,PV_WaterLevel_out,9.99991573040281,53.4
Water Level Control,WaterTankSystem,PV_WaterLevel_out,9.99990028695132,53.6
Water Level Control,WaterTankSystem,PV_WaterLevel_out,9.99988655867087,53.8
Water Level Control,WaterTankSystem,PV_WaterLevel_out,9.99987448941457,54
Water Level Control,WaterTankSystem,PV_WaterLevel_out,9.99986401832165,54.2
Water Level Control,WaterTankSystem,PV_WaterLevel_out,9.99985508050576,54.4
Water Level Control,WaterTankSystem,PV_WaterLevel_out,9.9998476077127,54.6
Water Level Control,WaterTankSystem,PV_WaterLevel_out,9.99984152894645,54.8
Water Level Control,WaterTankSystem,PV_WaterLevel_out,9.99983677106225,55
Water Level Control,WaterTankSystem,PV_WaterLevel_out,9.99983325932638,55.2
Water Level Control,WaterTankSystem,PV_WaterLevel_out,9.99983091794176,55.4
Water Level Control,WaterTankSystem,PV_WaterLevel_out,9.9998296705395,55.6
Water Level Control,WaterTankSystem,PV_WaterLevel_out,9.99982944063599,55.8
Water Level Control,WaterTankSystem,PV_WaterLevel_out,9.99983015205596,56
Water Level Control,WaterTankSystem,PV_WaterLevel_out,9.99983172932158,56.2
Water Level Control,WaterTankSystem,PV_WaterLevel_out,9.99983409800821,56.4
Water Level Control,WaterTankSystem,PV_WaterLevel_out,9.99983718506745,56.6
Water Level Control,WaterTankSystem,PV_WaterLevel_out,9.99984091911799,56.8
Water Level Control,WaterTankSystem,PV_WaterLevel_out,9.99984523070548,57
Water Level Control,WaterTankSystem,PV_WaterLevel_out,9.99985005253206,57.2
Water Level Control,WaterTankSystem,PV_WaterLevel_out,9.99985531965682,57.4
Water Level Control,WaterTankSystem,PV_WaterLevel_out,9.99986096966819,57.6
Water Level Control,WaterTankSystem,PV_WaterLevel_out,9.99986694282954,57.8
Water Level Control,WaterTankSystem,PV_WaterLevel_out,9.99987318219922,58
Water Level Control,WaterTankSystem,PV_WaterLevel_out,9.99987963372631,58.2
Water Level Control,WaterTankSystem,PV_WaterLevel_out,9.99988624632343,58.4
Water Level Control,WaterTankSystem,PV_WaterLevel_out,9.99989297191796,58.6
Water Level Control,WaterTankSystem,PV_WaterLevel_out,9.99989976548303,58.8
Water Level Control,WaterTankSystem,PV_WaterLevel_out,9.99990658504966,59
Water Level Control,WaterTankSystem,PV_WaterLevel_out,9.99991339170143,59.2
Water Level Control,WaterTankSystem,PV_WaterLevel_out,9.99992014955296,59.4
Water Level Control,WaterTankSystem,PV_WaterLevel_out,9.99992682571371,59.6
Water Level Control,WaterTankSystem,PV_WaterLevel_out,9.99993339023821,59.8
Water Level Control,WaterTankSystem,PV_WaterLevel_out,9.99993981606419,60
